Timestamp,GroundTruth,AIDetected,InferTime,Confidence
1781215483.434233,False,False,0.000,0.00
1781215483.4783387,False,False,0.000,0.00
1781215483.7317278,False,False,0.170,0.00
1781215483.738237,False,False,0.000,0.00
1781215483.7429507,False,False,0.000,0.00
1781215483.886451,False,False,0.092,0.00
1781215483.9012482,False,False,0.000,0.00
1781215484.0530732,False,False,0.000,0.00
1781215484.1911552,False,False,0.077,0.00
1781215484.2165606,False,False,0.000,0.00
1781215484.268265,False,False,0.000,0.00
1781215484.426741,False,False,0.072,0.00
1781215484.4531324,False,False,0.000,0.00
1781215484.511513,False,False,0.000,0.00
1781215484.626371,False,False,0.077,0.00
1781215484.629886,False,False,0.000,0.00
1781215484.6331425,False,False,0.000,0.00
1781215484.7907333,False,False,0.070,0.00
1781215484.795214,False,False,0.000,0.00
1781215484.840982,False,False,0.000,0.00
1781215484.9906046,False,False,0.095,0.00
1781215484.9944248,False,False,0.000,0.00
1781215485.0110712,False,False,0.000,0.00
1781215485.1614382,False,False,0.074,0.00
1781215485.165223,False,False,0.000,0.00
1781215485.1683643,False,False,0.000,0.00
1781215485.2890732,False,False,0.074,0.00
1781215485.2943156,False,False,0.000,0.00
1781215485.3153667,False,False,0.000,0.00
1781215485.436834,False,False,0.066,0.00
1781215485.440178,False,False,0.000,0.00
1781215485.4508514,False,False,0.000,0.00
1781215485.5675662,False,False,0.070,0.00
1781215485.5732508,False,False,0.000,0.00
1781215485.5941842,False,False,0.000,0.00
1781215485.702425,False,False,0.069,0.00
1781215485.7059379,False,False,0.000,0.00
1781215485.712273,False,False,0.000,0.00
1781215485.821182,False,False,0.071,0.00
1781215485.8253691,False,False,0.000,0.00
1781215485.93169,False,False,0.000,0.00
1781215486.0993724,False,False,0.071,0.00
1781215486.1031468,False,False,0.000,0.00
1781215486.1258245,False,False,0.000,0.00
1781215486.4481256,False,False,0.068,0.00
1781215486.451557,False,False,0.000,0.00
1781215486.5055895,False,False,0.000,0.00
1781215486.6294484,False,False,0.076,0.00
1781215486.6335785,False,False,0.000,0.00
1781215486.6511807,False,False,0.000,0.00
1781215486.779312,False,False,0.071,0.00
1781215486.7827787,False,False,0.000,0.00
1781215486.786011,False,False,0.000,0.00
1781215486.9376812,False,False,0.066,0.00
1781215486.9419858,False,False,0.000,0.00
1781215487.044328,False,False,0.000,0.00
1781215487.1588259,False,False,0.066,0.00
1781215487.1627555,False,False,0.000,0.00
1781215487.222316,False,False,0.000,0.00
1781215487.4626613,False,False,0.070,0.00
1781215487.4668715,False,False,0.000,0.00
1781215487.4900029,False,False,0.000,0.00
1781215487.594944,False,False,0.070,0.00
1781215487.598487,False,False,0.000,0.00
1781215487.6242294,False,False,0.000,0.00
1781215487.7662973,False,False,0.070,0.00
1781215487.7738357,False,False,0.000,0.00
1781215487.8291318,False,False,0.000,0.00
1781215488.1367743,False,False,0.071,0.00
1781215488.2196612,False,False,0.000,0.00
1781215488.2497585,False,False,0.000,0.00
1781215488.4316761,False,False,0.071,0.00
1781215488.4376779,False,False,0.000,0.00
1781215488.4842536,False,False,0.000,0.00
1781215488.592716,False,False,0.068,0.00
1781215488.5985134,False,False,0.000,0.00
1781215488.648222,False,False,0.000,0.00
1781215488.9279556,False,False,0.070,0.00
1781215488.9751127,False,False,0.000,0.00
1781215488.9917233,False,False,0.000,0.00
1781215489.183275,False,False,0.069,0.00
1781215489.1893697,False,False,0.000,0.00
1781215489.2538695,False,False,0.000,0.00
1781215489.5679536,False,False,0.075,0.00
1781215489.6734908,False,False,0.000,0.00
1781215489.684626,False,False,0.000,0.00
1781215489.8200552,False,False,0.066,0.00
1781215489.8258593,False,False,0.000,0.00
1781215489.9105449,False,False,0.000,0.00
1781215490.1479537,False,False,0.071,0.00
1781215490.2411184,False,False,0.000,0.00
1781215490.2941692,False,False,0.000,0.00
1781215490.5760007,False,False,0.073,0.00
1781215490.5933414,False,False,0.000,0.00
1781215490.6730652,False,False,0.000,0.00
1781215490.7573662,False,False,0.073,0.00
1781215490.768165,False,False,0.000,0.00
1781215490.8328936,False,False,0.000,0.00
1781215490.9628408,False,False,0.067,0.00
1781215491.00689,False,False,0.000,0.00
1781215491.169001,False,False,0.000,0.00
1781215491.3830507,False,False,0.070,0.00
1781215491.3898787,False,False,0.000,0.00
1781215491.472657,False,False,0.000,0.00
1781215491.5591223,False,False,0.073,0.00
1781215491.567199,False,False,0.000,0.00
1781215491.6495142,False,False,0.000,0.00
1781215491.882496,False,False,0.071,0.00
1781215491.8906307,False,False,0.000,0.00
1781215492.1323862,False,False,0.000,0.00
1781215492.2223191,False,False,0.074,0.00
1781215492.2296276,False,False,0.000,0.00
1781215492.2944896,False,False,0.000,0.00
1781215492.3781478,False,False,0.071,0.00
1781215492.3842967,False,False,0.000,0.00
1781215492.4525166,False,False,0.000,0.00
1781215492.5395343,False,False,0.077,0.00
1781215492.5971496,False,False,0.000,0.00
1781215492.612175,False,False,0.000,0.00
1781215492.921904,False,False,0.067,0.00
1781215492.9721453,False,False,0.000,0.00
1781215492.9830055,False,False,0.000,0.00
1781215493.1393635,False,False,0.067,0.00
1781215493.1457987,False,False,0.000,0.00
1781215493.3853903,False,False,0.000,0.00
1781215493.5393672,False,False,0.068,0.00
1781215493.5866513,False,False,0.000,0.00
1781215493.6551702,False,False,0.000,0.00
1781215493.7370121,False,False,0.071,0.00
1781215493.764318,False,False,0.000,0.00
1781215493.8323221,False,False,0.000,0.00
1781215493.9191356,False,False,0.071,0.00
1781215493.951005,False,False,0.000,0.00
1781215494.0562122,False,False,0.000,0.00
1781215494.142517,False,False,0.072,0.00
1781215494.2096694,False,False,0.000,0.00
1781215494.4039724,False,False,0.000,0.00
1781215494.5512667,False,False,0.069,0.00
1781215494.6622503,False,False,0.000,0.00
1781215494.6684687,False,False,0.000,0.00
1781215494.8506043,False,False,0.069,0.00
1781215494.8630395,False,False,0.000,0.00
1781215494.949882,False,False,0.000,0.00
1781215495.2202911,False,False,0.069,0.00
1781215495.2260234,False,False,0.000,0.00
1781215495.2910767,False,False,0.000,0.00
1781215495.3763704,False,False,0.075,0.00
1781215495.3804586,False,False,0.000,0.00
1781215495.5940063,False,False,0.000,0.00
1781215495.7049553,False,False,0.100,0.00
1781215495.709021,False,False,0.000,0.00
1781215495.7555187,False,False,0.000,0.00
1781215496.1209338,False,False,0.071,0.00
1781215496.1244075,False,False,0.000,0.00
1781215496.1457613,False,False,0.000,0.00
1781215496.4444785,False,False,0.072,0.00
1781215496.4501524,False,False,0.000,0.00
1781215496.6860955,False,False,0.000,0.00
1781215496.772338,False,False,0.071,0.00
1781215496.7781692,False,False,0.000,0.00
1781215496.897399,False,False,0.000,0.00
1781215496.9940343,False,False,0.072,0.00
1781215497.0001376,False,False,0.000,0.00
1781215497.2303288,False,False,0.000,0.00
1781215497.3158162,False,False,0.071,0.00
1781215497.3220608,False,False,0.000,0.00
1781215497.4005997,False,False,0.000,0.00
1781215497.7269452,False,False,0.069,0.00
1781215497.7364495,False,False,0.000,0.00
1781215497.8127608,False,False,0.000,0.00
1781215497.9119837,False,False,0.071,0.00
1781215497.9494793,False,False,0.000,0.00
1781215499.1678243,False,False,0.000,0.00
1781215499.3405716,False,False,0.072,0.00
1781215499.356186,False,False,0.000,0.00
1781215499.4054196,False,False,0.000,0.00
1781215499.698258,False,False,0.068,0.00
1781215499.705989,False,False,0.000,0.00
1781215499.7468903,False,False,0.000,0.00
1781215500.0388255,False,False,0.069,0.00
1781215500.0465462,False,False,0.000,0.00
1781215500.1499565,False,False,0.000,0.00
1781215500.2364864,False,False,0.073,0.00
1781215500.243664,False,False,0.000,0.00
1781215500.4718177,False,False,0.000,0.00
1781215500.5602953,False,False,0.076,0.00
1781215500.5662067,False,False,0.000,0.00
1781215500.6487954,False,False,0.000,0.00
1781215500.7359562,False,False,0.073,0.00
1781215500.7435272,False,False,0.000,0.00
1781215500.8252566,False,False,0.000,0.00
1781215501.124598,False,False,0.072,0.00
1781215501.1326487,False,False,0.000,0.00
1781215501.2123144,False,False,0.000,0.00
1781215501.567173,False,False,0.069,0.00
1781215501.5712311,False,False,0.000,0.00
1781215501.6284106,False,False,0.000,0.00
1781215501.7115297,False,False,0.073,0.00
1781215501.7150526,False,False,0.000,0.00
1781215501.758885,False,False,0.000,0.00
1781215501.874205,False,False,0.074,0.00
1781215501.8868093,False,False,0.000,0.00
1781215502.1251266,False,False,0.000,0.00
1781215502.3650968,False,False,0.076,0.00
1781215502.4080493,False,False,0.000,0.00
1781215502.4183683,False,False,0.000,0.00
1781215502.5614917,False,False,0.073,0.00
1781215502.56802,False,False,0.000,0.00
1781215502.6558626,False,False,0.000,0.00
1781215502.7385683,False,False,0.070,0.00
1781215502.7905853,False,False,0.000,0.00
1781215502.8200045,False,False,0.000,0.00
1781215502.956587,False,False,0.068,0.00
1781215502.9623146,False,False,0.000,0.00
1781215503.1930695,False,False,0.000,0.00
1781215503.3426116,False,False,0.074,0.00
1781215503.3508162,False,False,0.000,0.00
1781215503.4276252,False,False,0.000,0.00
1781215503.5157087,False,False,0.078,0.00
1781215503.5771732,False,False,0.000,0.00
1781215503.6500137,False,False,0.000,0.00
1781215503.764901,False,False,0.070,0.00
1781215503.7822094,False,False,0.000,0.00
1781215503.9767184,False,False,0.000,0.00
1781215504.1353402,False,False,0.071,0.00
1781215504.2072847,False,False,0.000,0.00
1781215504.2234268,False,False,0.000,0.00
1781215504.3373175,False,False,0.070,0.00
1781215504.3657155,False,False,0.000,0.00
1781215504.4367883,False,False,0.000,0.00
1781215504.6306758,False,False,0.091,0.00
1781215504.6344779,False,False,0.000,0.00
1781215504.688459,False,False,0.000,0.00
1781215504.7903903,False,False,0.073,0.00
1781215504.8444595,False,False,0.000,0.00
1781215505.031354,False,False,0.000,0.00
1781215505.1526158,False,False,0.070,0.00
1781215505.1910138,False,False,0.000,0.00
1781215505.2083988,False,False,0.000,0.00
1781215505.3855026,False,False,0.069,0.00
1781215505.3888898,False,False,0.000,0.00
1781215505.4570303,False,False,0.000,0.00
1781215505.6867983,False,False,0.069,0.00
1781215505.6908655,False,False,0.000,0.00
1781215505.7638197,False,False,0.000,0.00
1781215505.9696035,False,False,0.073,0.00
1781215505.973283,False,False,0.000,0.00
1781215505.9818892,False,False,0.000,0.00
1781215506.1076102,False,False,0.071,0.00
1781215506.1692472,False,False,0.000,0.00
1781215506.3970845,False,False,0.000,0.00
1781215506.709516,False,False,0.068,0.00
1781215506.7171552,False,False,0.000,0.00
1781215506.9676714,False,False,0.000,0.00
1781215507.057725,False,False,0.080,0.00
1781215507.0648832,False,False,0.000,0.00
1781215507.1642675,False,False,0.000,0.00
1781215507.9010935,False,False,0.070,0.00
1781215507.9053197,False,False,0.000,0.00
1781215507.9084115,False,False,0.000,0.00
1781215508.1410706,False,False,0.066,0.00
1781215508.2606175,False,False,0.000,0.00
1781215508.3496478,False,False,0.000,0.00
1781215508.4762883,False,False,0.071,0.00
1781215508.6444933,False,False,0.000,0.00
1781215508.7287743,False,False,0.000,0.00
1781215508.8166442,False,False,0.081,0.00
1781215508.822631,False,False,0.000,0.00
1781215508.8774965,False,False,0.000,0.00
1781215509.0536678,False,False,0.066,0.00
1781215509.231818,False,False,0.000,0.00
1781215509.2939985,False,False,0.000,0.00
1781215509.607048,False,False,0.070,0.00
1781215510.6236124,False,False,0.000,0.00
1781215510.8533862,False,False,0.000,0.00
1781215511.000475,False,False,0.076,0.00
1781215511.0071945,False,False,0.000,0.00
1781215511.2243516,False,False,0.000,0.00
1781215511.3144348,False,False,0.079,0.00
1781215511.3208427,False,False,0.000,0.00
1781215511.40464,False,False,0.000,0.00
1781215511.5307193,False,False,0.072,0.00
1781215511.695304,False,False,0.000,0.00
1781215511.9183567,False,False,0.000,0.00
1781215512.00864,False,False,0.078,0.00
1781215512.1534517,False,False,0.000,0.00
1781215512.3643656,False,False,0.000,0.00
1781215512.5938573,False,False,0.070,0.00
1781215512.6071835,False,False,0.000,0.00
1781215513.0492282,False,False,0.000,0.00
1781215513.1301527,False,False,0.070,0.00
1781215513.4412832,False,False,0.000,0.00
1781215513.4523027,False,False,0.000,0.00
1781215513.5947182,False,False,0.071,0.00
1781215513.6066277,False,False,0.000,0.00
1781215513.6833463,False,False,0.000,0.00
1781215513.7837627,False,False,0.083,0.00
1781215513.7899146,False,False,0.000,0.00
1781215514.0100284,False,False,0.000,0.00
1781215514.1812162,False,False,0.070,0.00
1781215514.3891845,False,False,0.000,0.00
1781215514.443354,False,False,0.000,0.00
1781215514.751772,False,False,0.068,0.00
1781215514.7829146,False,False,0.000,0.00
1781215514.7933803,False,False,0.000,0.00
1781215514.9321272,False,False,0.068,0.00
1781215514.940057,False,False,0.000,0.00
1781215515.0423603,False,False,0.000,0.00
1781215515.1232774,False,False,0.068,0.00
1781215515.1353683,False,False,0.000,0.00
1781215515.4822161,False,False,0.000,0.00
1781215515.592275,False,False,0.067,0.00
1781215515.802476,False,False,0.000,0.00
1781215515.8182456,False,False,0.000,0.00
1781215515.9478688,False,False,0.064,0.00
1781215515.9825535,False,False,0.000,0.00
1781215516.0376031,False,False,0.000,0.00
1781215516.177103,False,False,0.070,0.00
1781215516.180666,False,False,0.000,0.00
1781215516.3231745,False,False,0.000,0.00
1781215516.5700276,False,False,0.068,0.00
1781215517.701912,False,False,0.000,0.00
1781215517.917635,False,False,0.000,0.00
1781215518.0694005,False,False,0.067,0.00
1781215518.430607,False,False,0.000,0.00
1781215518.482747,False,False,0.000,0.00
1781215518.5640864,False,False,0.070,0.00
1781215518.5720391,False,False,0.000,0.00
1781215518.6456084,False,False,0.000,0.00
1781215518.769162,False,False,0.067,0.00
1781215518.827359,False,False,0.000,0.00
1781215518.936164,False,False,0.000,0.00
1781215519.145143,False,False,0.177,0.00
1781215520.1485708,False,False,0.000,0.00
1781215520.197112,False,False,0.000,0.00
1781215520.334305,False,True,0.073,0.26
1781215520.3404143,False,True,0.000,0.26
1781215520.5607224,False,True,0.000,0.26
1781215520.6880493,False,False,0.065,0.00
1781215520.7406032,False,False,0.000,0.00
1781215520.751128,False,False,0.000,0.00
1781215520.915642,False,False,0.068,0.00
1781215520.9284308,False,False,0.000,0.00
1781215521.0017154,False,False,0.000,0.00
1781215521.0844762,False,False,0.069,0.00
1781215521.1154215,False,False,0.000,0.00
1781215521.1515343,False,False,0.000,0.00
1781215521.3469434,False,False,0.068,0.00
1781215521.5399792,False,False,0.000,0.00
1781215521.551612,False,False,0.000,0.00
1781215521.6863716,False,False,0.066,0.00
1781215521.6940114,False,False,0.000,0.00
1781215521.7604427,False,False,0.000,0.00
1781215521.837379,False,False,0.067,0.00
1781215521.8726325,False,False,0.000,0.00
1781215521.9402273,False,False,0.000,0.00
1781215522.0211174,False,False,0.070,0.00
1781215522.0703187,False,False,0.000,0.00
1781215522.0776424,False,False,0.000,0.00
1781215522.252536,False,False,0.064,0.00
1781215522.459564,False,False,0.000,0.00
1781215522.4726162,False,False,0.000,0.00
1781215522.7533653,False,False,0.064,0.00
1781215522.7595782,False,False,0.000,0.00
1781215522.8397143,False,False,0.000,0.00
1781215522.9247973,False,False,0.073,0.00
1781215522.9468234,False,False,0.000,0.00
1781215523.04768,False,False,0.000,0.00
1781215523.2383788,False,False,0.068,0.00
1781215524.6532948,False,False,0.000,0.00
1781215524.842659,False,False,0.000,0.00
1781215524.9621773,False,False,0.069,0.00
1781215524.9689286,False,False,0.000,0.00
1781215525.4924235,False,False,0.000,0.00
1781215525.7294807,False,False,0.070,0.00
1781215525.7796383,False,False,0.000,0.00
1781215525.792504,False,False,0.000,0.00
1781215525.927264,False,False,0.068,0.00
1781215525.989034,False,False,0.000,0.00
1781215526.165635,False,False,0.000,0.00
1781215526.566646,False,False,0.064,0.00
1781215526.5701442,False,False,0.000,0.00
1781215526.7608883,False,False,0.000,0.00
1781215526.9148984,False,False,0.072,0.00
1781215526.918538,False,False,0.000,0.00
1781215526.9257493,False,False,0.000,0.00
1781215527.0645435,False,False,0.067,0.00
1781215527.0903747,False,False,0.000,0.00
1781215527.1341867,False,False,0.000,0.00
1781215527.6357925,False,False,0.067,0.00
1781215527.6416497,False,False,0.000,0.00
1781215527.718393,False,False,0.000,0.00
1781215527.8139696,False,False,0.070,0.00
1781215528.4005084,False,False,0.000,0.00
1781215528.517148,False,False,0.000,0.00
1781215528.9482355,False,False,0.064,0.00
1781215528.9630597,False,False,0.000,0.00
1781215529.0534794,False,False,0.000,0.00
1781215529.3025322,False,False,0.065,0.00
1781215529.3088644,False,False,0.000,0.00
1781215529.5994217,False,False,0.000,0.00
1781215529.7158105,False,False,0.069,0.00
1781215529.7746923,False,False,0.000,0.00
1781215529.9039385,False,False,0.000,0.00
1781215529.988513,False,False,0.076,0.00
1781215530.0047998,False,False,0.000,0.00
1781215530.054233,False,False,0.000,0.00
1781215530.3714054,False,False,0.066,0.00
1781215530.4007769,False,False,0.000,0.00
1781215530.4771268,False,False,0.000,0.00
1781215530.5579221,False,False,0.070,0.00
1781215530.5666292,False,False,0.000,0.00
1781215530.7781003,False,False,0.000,0.00
1781215531.0667117,False,False,0.064,0.00
1781215531.315645,False,False,0.000,0.00
1781215531.3271027,False,False,0.000,0.00
1781215531.6209297,False,False,0.065,0.00
1781215531.6276824,False,False,0.000,0.00
1781215531.708639,False,False,0.000,0.00
1781215531.875949,False,False,0.065,0.00
1781215531.9815521,False,False,0.000,0.00
1781215532.509451,False,False,0.000,0.00
1781215532.591954,False,False,0.070,0.00
1781215532.6355574,False,False,0.000,0.00
1781215532.645804,False,False,0.000,0.00
1781215532.753108,False,False,0.067,0.00
1781215532.7590423,False,False,0.000,0.00
1781215532.865632,False,False,0.000,0.00
1781215533.210946,False,False,0.069,0.00
1781215533.2189617,False,False,0.000,0.00
1781215533.449402,False,False,0.000,0.00
1781215533.5307097,False,False,0.067,0.00
1781215533.94524,False,False,0.000,0.00
1781215533.9538782,False,False,0.000,0.00
1781215534.258184,False,False,0.063,0.00
1781215534.2645128,False,False,0.000,0.00
1781215534.446843,False,False,0.000,0.00
1781215534.7161803,False,False,0.064,0.00
1781215534.7739081,False,False,0.000,0.00
1781215534.8577707,False,False,0.000,0.00
1781215534.9388437,False,False,0.068,0.00
1781215535.0010438,False,False,0.000,0.00
1781215535.3642905,False,False,0.000,0.00
1781215535.4437091,False,True,0.066,0.26
1781215535.4939418,False,True,0.000,0.26
1781215535.5342143,False,True,0.000,0.26
1781215535.6997278,False,False,0.106,0.00
1781215536.1039681,False,False,0.000,0.00
1781215536.1837711,False,False,0.000,0.00
1781215536.3278346,False,False,0.072,0.00
1781215536.3394558,False,False,0.000,0.00
1781215536.414092,False,False,0.000,0.00
1781215536.530624,False,False,0.067,0.00
1781215536.5841837,False,False,0.000,0.00
1781215536.7340155,False,False,0.000,0.00
1781215536.831813,False,False,0.067,0.00
1781215536.8417473,False,False,0.000,0.00
1781215536.9140737,False,False,0.000,0.00
1781215536.9934812,False,False,0.068,0.00
1781215536.999281,False,False,0.000,0.00
1781215537.0736334,False,False,0.000,0.00
1781215537.157608,False,False,0.066,0.00
1781215537.192053,False,False,0.000,0.00
1781215537.4339728,False,False,0.000,0.00
1781215537.9777422,False,False,0.069,0.00
1781215537.981428,False,False,0.000,0.00
1781215538.0249016,False,False,0.000,0.00
1781215538.1656244,False,False,0.068,0.00
1781215538.1825457,False,False,0.000,0.00
1781215538.2254834,False,False,0.000,0.00
1781215538.3597312,False,False,0.065,0.00
1781215538.3679194,False,False,0.000,0.00
1781215538.474088,False,False,0.000,0.00
1781215538.6490169,False,False,0.071,0.00
1781215538.658034,False,False,0.000,0.00
1781215538.7333708,False,False,0.000,0.00
1781215538.8411937,False,False,0.068,0.00
1781215538.846913,False,False,0.000,0.00
1781215538.912845,False,False,0.000,0.00
1781215539.0200245,False,False,0.065,0.00
1781215539.0714471,False,False,0.000,0.00
1781215539.1316679,False,False,0.000,0.00
1781215539.2683115,False,False,0.064,0.00
1781215539.3335922,False,False,0.000,0.00
1781215539.343264,False,False,0.000,0.00
1781215539.539643,False,False,0.066,0.00
1781215539.546293,False,False,0.000,0.00
1781215539.6128547,False,False,0.000,0.00
1781215539.6905692,False,False,0.067,0.00
1781215539.699187,False,False,0.000,0.00
1781215539.9034655,False,False,0.000,0.00
1781215540.3467946,False,False,0.067,0.00
1781215540.4055922,False,False,0.000,0.00
1781215540.4167655,False,False,0.000,0.00
1781215540.559804,False,False,0.067,0.00
1781215540.5920656,False,False,0.000,0.00
1781215540.6051688,False,False,0.000,0.00
1781215540.82399,False,False,0.064,0.00
1781215540.8335025,False,False,0.000,0.00
1781215540.8902903,False,False,0.000,0.00
1781215541.0545042,False,True,0.062,0.44
1781215541.122258,False,True,0.000,0.44
1781215541.2236528,False,True,0.000,0.44
1781215541.3075192,False,False,0.076,0.00
1781215541.3535836,False,False,0.000,0.00
1781215541.3640335,False,False,0.000,0.00
1781215541.4989345,False,False,0.067,0.00
1781215541.5067897,False,False,0.000,0.00
1781215541.8624377,False,False,0.000,0.00
1781215541.982429,False,False,0.069,0.00
1781215542.1914282,False,False,0.000,0.00
1781215542.2329185,False,False,0.000,0.00
1781215542.3414629,False,False,0.070,0.00
1781215542.3904226,False,False,0.000,0.00
1781215542.4903553,False,False,0.000,0.00
1781215542.6439557,False,False,0.070,0.00
1781215542.8646367,False,False,0.000,0.00
1781215542.8781383,False,False,0.000,0.00
1781215543.1533015,False,True,0.065,0.38
1781215543.161722,False,True,0.000,0.38
1781215543.2310152,False,True,0.000,0.38
1781215543.3379552,False,False,0.067,0.00
1781215543.3717816,False,False,0.000,0.00
1781215543.5626018,False,False,0.000,0.00
1781215543.648168,False,True,0.069,0.28
1781215543.702747,False,True,0.000,0.28
1781215543.8025863,False,True,0.000,0.28
1781215543.9283512,False,False,0.077,0.00
1781215543.9708507,False,False,0.000,0.00
1781215543.9811945,False,False,0.000,0.00
1781215544.1140733,False,False,0.063,0.00
1781215544.1976132,False,False,0.000,0.00
1781215544.2492816,False,False,0.000,0.00
1781215544.6891196,False,False,0.062,0.00
1781215544.733066,False,False,0.000,0.00
1781215544.7703452,False,False,0.000,0.00
1781215544.878436,False,False,0.068,0.00
1781215544.9073112,False,False,0.000,0.00
1781215544.9812613,False,False,0.000,0.00
1781215545.1247358,False,False,0.063,0.00
1781215545.3260264,False,False,0.000,0.00
1781215545.4648132,False,False,0.000,0.00
1781215545.5480154,False,False,0.073,0.00
1781215545.5898998,False,False,0.000,0.00
1781215545.6301079,False,False,0.000,0.00
1781215545.7407658,False,False,0.070,0.00
1781215545.8556285,False,False,0.000,0.00
1781215545.9627137,False,False,0.000,0.00
1781215546.041896,False,True,0.067,0.64
1781215546.2759252,False,True,0.000,0.64
1781215546.3348005,False,True,0.000,0.64
1781215546.419261,False,False,0.073,0.00
1781215546.4697793,False,False,0.000,0.00
1781215546.4811218,False,False,0.000,0.00
1781215546.644393,False,False,0.071,0.00
1781215546.825456,False,False,0.000,0.00
1781215547.0136461,False,False,0.000,0.00
1781215547.1394265,False,False,0.070,0.00
1781215547.1900198,False,False,0.000,0.00
1781215547.261512,False,False,0.000,0.00
1781215547.3764982,False,True,0.066,0.27
1781215547.4632728,False,True,0.000,0.27
1781215547.661617,False,True,0.000,0.27
1781215547.7430487,False,False,0.071,0.00
1781215547.789211,False,False,0.000,0.00
1781215547.829247,False,False,0.000,0.00
1781215547.9343655,False,False,0.064,0.00
1781215548.0592887,False,False,0.000,0.00
1781215548.109227,False,False,0.000,0.00
1781215550.7174947,False,False,0.065,0.00
1781215550.7212808,False,False,0.000,0.00
1781215551.0853543,False,False,0.000,0.00
1781215551.3640954,False,False,0.066,0.00
1781215551.556341,False,False,0.000,0.00
1781215551.6081355,False,False,0.000,0.00
1781215551.6903946,False,False,0.068,0.00
1781215551.6975038,False,False,0.000,0.00
1781215552.0911133,False,False,0.000,0.00
1781215552.413353,False,False,0.069,0.00
1781215552.4168296,False,False,0.000,0.00
1781215552.4199913,False,False,0.000,0.00
1781215552.7131698,False,True,0.066,0.28
1781215552.7671666,False,True,0.000,0.28
1781215552.8071551,False,True,0.000,0.28
1781215552.9136407,False,False,0.067,0.00
1781215552.9469357,False,False,0.000,0.00
1781215552.9610872,False,False,0.000,0.00
1781215553.198758,False,False,0.066,0.00
1781215553.228614,False,False,0.000,0.00
1781215553.6476126,False,False,0.000,0.00
1781215553.8762226,False,False,0.063,0.00
1781215553.9256206,False,False,0.000,0.00
1781215553.9358552,False,False,0.000,0.00
1781215554.0800939,False,False,0.070,0.00
1781215554.2146587,False,False,0.000,0.00
1781215554.3847868,False,False,0.000,0.00
1781215554.5358598,False,False,0.064,0.00
1781215554.5587425,False,False,0.000,0.00
1781215554.7721856,False,False,0.000,0.00
1781215555.0951757,False,False,0.064,0.00
1781215555.1260362,False,False,0.000,0.00
1781215555.1661563,False,False,0.000,0.00
1781215555.2764041,False,False,0.070,0.00
1781215555.491154,False,False,0.000,0.00
1781215555.5028942,False,False,0.000,0.00
1781215555.7467244,False,False,0.066,0.00
1781215555.947473,False,False,0.000,0.00
1781215556.0090358,False,False,0.000,0.00
1781215556.1834784,False,False,0.069,0.00
1781215556.3859951,False,False,0.000,0.00
1781215556.426853,False,False,0.000,0.00
1781215556.53296,False,False,0.067,0.00
1781215556.5654256,False,False,0.000,0.00
1781215556.6314487,False,False,0.000,0.00
1781215556.948337,False,False,0.069,0.00
1781215556.960559,False,False,0.000,0.00
1781215557.0529428,False,False,0.000,0.00
1781215557.378481,False,False,0.068,0.00
1781215557.4252167,False,False,0.000,0.00
1781215557.4667826,False,False,0.000,0.00
1781215557.5724852,False,False,0.067,0.00
1781215557.6050582,False,False,0.000,0.00
1781215558.3152978,False,False,0.000,0.00
1781215558.395332,False,False,0.072,0.00
1781215558.4009655,False,False,0.000,0.00
1781215558.4642572,False,False,0.000,0.00
1781215558.610017,False,False,0.066,0.00
1781215558.647903,False,False,0.000,0.00
1781215558.7346919,False,False,0.000,0.00
1781215559.0107906,False,False,0.070,0.00
1781215559.044413,False,False,0.000,0.00
1781215559.0846105,False,False,0.000,0.00
1781215559.1660314,False,False,0.070,0.00
1781215559.1730416,False,False,0.000,0.00
1781215559.5342722,False,False,0.000,0.00
1781215559.783112,False,False,0.063,0.00
1781215559.8471568,False,False,0.000,0.00
1781215559.8912697,False,False,0.000,0.00
1781215560.0141492,False,False,0.069,0.00
1781215560.020592,False,False,0.000,0.00
1781215560.1043112,False,False,0.000,0.00
1781215560.221183,False,False,0.072,0.00
1781215560.2990358,False,False,0.000,0.00
1781215560.3051574,False,False,0.000,0.00
1781215560.4582336,False,False,0.068,0.00
1781215560.5109618,False,False,0.000,0.00
1781215560.5698621,False,False,0.000,0.00
1781215560.6511648,False,False,0.067,0.00
1781215560.7238703,False,False,0.000,0.00
1781215560.7346878,False,False,0.000,0.00
1781215560.893777,False,False,0.072,0.00
1781215560.9003518,False,False,0.000,0.00
1781215561.0531747,False,False,0.000,0.00
1781215561.3571112,False,False,0.064,0.00
1781215561.4091873,False,False,0.000,0.00
1781215561.5120387,False,False,0.000,0.00
1781215561.671751,False,False,0.069,0.00
1781215561.760615,False,False,0.000,0.00
1781215561.9869761,False,False,0.000,0.00
1781215562.0705876,False,False,0.076,0.00
1781215562.0770645,False,False,0.000,0.00
1781215562.1432176,False,False,0.000,0.00
1781215562.251817,False,False,0.068,0.00
1781215562.2599034,False,False,0.000,0.00
1781215562.347119,False,False,0.000,0.00
1781215562.4506369,False,False,0.066,0.00
1781215562.4719326,False,False,0.000,0.00
1781215562.5267518,False,False,0.000,0.00
1781215562.6092367,False,False,0.070,0.00
1781215562.6472204,False,False,0.000,0.00
1781215562.8643029,False,False,0.000,0.00
1781215562.94691,False,False,0.068,0.00
1781215562.9827902,False,False,0.000,0.00
1781215563.0239081,False,False,0.000,0.00
1781215563.1791143,False,False,0.093,0.00
1781215563.1866825,False,False,0.000,0.00
1781215563.2707813,False,False,0.000,0.00
1781215563.4070303,False,False,0.065,0.00
1781215563.4133065,False,False,0.000,0.00
1781215563.6294985,False,False,0.000,0.00
1781215563.7759066,False,False,0.069,0.00
1781215563.8223457,False,False,0.000,0.00
1781215563.8329992,False,False,0.000,0.00
1781215563.9419913,False,False,0.065,0.00
1781215563.9483328,False,False,0.000,0.00
1781215564.0416088,False,False,0.000,0.00
1781215564.1691637,False,False,0.066,0.00
1781215564.2680852,False,False,0.000,0.00
1781215564.3243828,False,False,0.000,0.00
1781215564.4067848,False,False,0.067,0.00
1781215564.4640083,False,False,0.000,0.00
1781215564.5026069,False,False,0.000,0.00
1781215564.5813146,False,False,0.068,0.00
1781215564.5893943,False,False,0.000,0.00
1781215564.6624238,False,False,0.000,0.00
1781215564.7662778,False,False,0.063,0.00
1781215564.7743702,False,False,0.000,0.00
1781215564.91143,False,False,0.000,0.00
1781215565.0329263,False,False,0.069,0.00
1781215565.041374,False,False,0.000,0.00
1781215565.2817905,False,False,0.000,0.00
1781215565.3857467,False,False,0.064,0.00
1781215565.3918316,False,False,0.000,0.00
1781215565.4617634,False,False,0.000,0.00
1781215565.5704687,False,False,0.068,0.00
1781215565.5783699,False,False,0.000,0.00
1781215565.797365,False,False,0.000,0.00
1781215565.9482582,False,False,0.068,0.00
1781215566.117309,False,False,0.000,0.00
1781215566.1319773,False,False,0.000,0.00
1781215566.2674592,False,False,0.065,0.00
1781215566.2736616,False,False,0.000,0.00
1781215566.34157,False,False,0.000,0.00
1781215566.425754,False,False,0.074,0.00
1781215566.4339845,False,False,0.000,0.00
1781215566.5007389,False,False,0.000,0.00
1781215566.6768727,False,False,0.069,0.00
1781215566.733859,False,False,0.000,0.00
1781215566.863669,False,False,0.000,0.00
1781215567.1686504,False,False,0.065,0.00
1781215567.1798909,False,False,0.000,0.00
1781215567.2312691,False,False,0.000,0.00
1781215567.377244,False,False,0.069,0.00
1781215567.3813558,False,False,0.000,0.00
1781215567.523067,False,False,0.000,0.00
1781215567.6933029,False,False,0.068,0.00
1781215567.748901,False,False,0.000,0.00
1781215567.9696212,False,False,0.000,0.00
1781215568.25492,False,False,0.064,0.00
1781215568.319607,False,False,0.000,0.00
1781215568.3607662,False,False,0.000,0.00
1781215568.472744,False,False,0.071,0.00
1781215568.47872,False,False,0.000,0.00
1781215568.6644204,False,False,0.000,0.00
1781215568.7429018,False,False,0.066,0.00
1781215568.7486014,False,False,0.000,0.00
1781215568.8354373,False,False,0.000,0.00
1781215569.034566,False,False,0.066,0.00
1781215569.038065,False,False,0.000,0.00
1781215569.130287,False,False,0.000,0.00
1781215569.378282,False,False,0.065,0.00
1781215569.3854778,False,False,0.000,0.00
1781215569.460284,False,False,0.000,0.00
1781215569.54052,False,False,0.070,0.00
1781215569.5801182,False,False,0.000,0.00
1781215569.5901206,False,False,0.000,0.00
1781215569.728529,False,False,0.068,0.00
1781215569.7347603,False,False,0.000,0.00
1781215569.8223665,False,False,0.000,0.00
1781215569.9268844,False,False,0.070,0.00
1781215569.9575655,False,False,0.000,0.00
1781215570.151681,False,False,0.000,0.00
1781215570.2692668,False,False,0.072,0.00
1781215570.3300972,False,False,0.000,0.00
1781215570.3723078,False,False,0.000,0.00
1781215570.5489676,False,False,0.068,0.00
1781215570.598782,False,False,0.000,0.00
1781215570.8008614,False,False,0.000,0.00
1781215570.8786132,False,False,0.067,0.00
1781215570.8868601,False,False,0.000,0.00
1781215570.9596875,False,False,0.000,0.00
1781215571.040471,False,False,0.069,0.00
1781215571.0462253,False,False,0.000,0.00
1781215571.1473377,False,False,0.000,0.00
1781215571.2993975,False,False,0.072,0.00
1781215571.3029964,False,False,0.000,0.00
1781215571.4478269,False,False,0.000,0.00
1781215571.5263042,False,False,0.071,0.00
1781215571.5650258,False,False,0.000,0.00
1781215571.8272562,False,False,0.000,0.00
1781215571.9745913,False,False,0.066,0.00
1781215572.0001376,False,False,0.000,0.00
1781215572.3387768,False,False,0.000,0.00
1781215572.4173028,False,False,0.068,0.00
1781215572.5896182,False,False,0.000,0.00
1781215572.7675688,False,False,0.000,0.00
1781215573.027563,False,False,0.068,0.00
1781215573.2069805,False,False,0.000,0.00
1781215573.7126443,False,False,0.000,0.00
1781215573.8174212,False,False,0.067,0.00
1781215573.823073,False,False,0.000,0.00
1781215574.0572968,False,False,0.000,0.00
1781215574.4366112,False,False,0.074,0.00
1781215574.6382494,False,False,0.000,0.00
1781215574.6531024,False,False,0.000,0.00
1781215574.9641178,False,False,0.066,0.00
1781215574.970151,False,False,0.000,0.00
1781215575.5659168,False,False,0.000,0.00
1781215575.6473572,False,False,0.071,0.00
1781215575.6598148,False,False,0.000,0.00
1781215575.6706526,False,False,0.000,0.00
1781215575.8094423,False,False,0.068,0.00
1781215575.813011,False,False,0.000,0.00
1781215575.9012558,False,False,0.000,0.00
1781215576.1213171,False,False,0.066,0.00
1781215576.1288683,False,False,0.000,0.00
1781215576.5361423,False,False,0.000,0.00
1781215576.6588783,False,False,0.078,0.00
1781215576.665125,False,False,0.000,0.00
1781215576.855003,False,False,0.000,0.00
1781215577.1683667,False,False,0.068,0.00
1781215577.176415,False,False,0.000,0.00
1781215577.5581796,False,False,0.000,0.00
1781215577.6397407,False,False,0.069,0.00
1781215577.6470623,False,False,0.000,0.00
1781215577.7171156,False,False,0.000,0.00
1781215577.7995055,False,False,0.072,0.00
1781215578.1346824,False,False,0.000,0.00
1781215578.189891,False,False,0.000,0.00
1781215578.6566584,False,True,0.076,0.52
1781215578.6964598,False,True,0.000,0.52
1781215578.7381809,False,True,0.000,0.52
1781215578.81609,False,False,0.071,0.00
1781215578.992421,False,False,0.000,0.00
1781215579.0080307,False,False,0.000,0.00
1781215579.2868493,False,False,0.067,0.00
1781215579.4145675,False,False,0.000,0.00
1781215579.5958958,False,False,0.000,0.00
1781215579.6773264,False,False,0.070,0.00
1781215579.6829996,False,False,0.000,0.00
1781215579.7561336,False,False,0.000,0.00
1781215579.839264,False,False,0.072,0.00
1781215580.1278908,False,False,0.000,0.00
1781215580.190778,False,False,0.000,0.00
1781215580.4468176,False,False,0.069,0.00
1781215581.767989,False,False,0.000,0.00
1781215581.9263127,False,False,0.000,0.00
1781215582.1245463,False,False,0.069,0.00
1781215582.1749814,False,False,0.000,0.00
1781215582.1844852,False,False,0.000,0.00
1781215582.2950616,False,False,0.067,0.00
1781215582.3820508,False,False,0.000,0.00
1781215582.5273747,False,False,0.000,0.00
1781215582.616425,False,False,0.075,0.00
1781215582.655798,False,False,0.000,0.00
1781215582.6948586,False,False,0.000,0.00
1781215582.772314,False,False,0.067,0.00
1781215582.7791421,False,False,0.000,0.00
1781215582.8544824,False,False,0.000,0.00
1781215583.0069752,False,False,0.067,0.00
1781215583.0103164,False,False,0.000,0.00
1781215583.177409,False,False,0.000,0.00
1781215583.258729,False,False,0.066,0.00
1781215583.314322,False,False,0.000,0.00
1781215583.3249652,False,False,0.000,0.00
1781215583.4643295,False,False,0.069,0.00
1781215583.469883,False,False,0.000,0.00
1781215583.5773318,False,False,0.000,0.00
1781215583.6596785,False,False,0.069,0.00
1781215583.69386,False,False,0.000,0.00
1781215583.8710957,False,False,0.000,0.00
1781215584.0000453,False,False,0.070,0.00
1781215584.0149748,False,False,0.000,0.00
1781215584.1207168,False,False,0.000,0.00
1781215584.20055,False,False,0.067,0.00
1781215584.2343702,False,False,0.000,0.00
1781215584.2442937,False,False,0.000,0.00
1781215584.3811815,False,False,0.067,0.00
1781215584.3870146,False,False,0.000,0.00
1781215584.4557402,False,False,0.000,0.00
1781215584.575311,False,False,0.065,0.00
1781215584.590042,False,False,0.000,0.00
1781215584.638276,False,False,0.000,0.00
1781215584.8316152,False,False,0.068,0.00
1781215584.835257,False,False,0.000,0.00
1781215584.8666663,False,False,0.000,0.00
1781215584.986286,False,False,0.065,0.00
1781215585.0186327,False,False,0.000,0.00
1781215585.3045185,False,False,0.000,0.00
1781215585.5660417,False,False,0.064,0.00
1781215585.5949707,False,False,0.000,0.00
1781215585.6731586,False,False,0.000,0.00
1781215585.7547789,False,False,0.070,0.00
1781215585.7625356,False,False,0.000,0.00
1781215585.833962,False,False,0.000,0.00
1781215585.9166224,False,False,0.069,0.00
1781215585.9223187,False,False,0.000,0.00
1781215586.0313451,False,False,0.000,0.00
1781215586.2426875,False,False,0.065,0.00
1781215586.2684922,False,False,0.000,0.00
1781215586.3945694,False,False,0.000,0.00
1781215586.5194345,False,False,0.066,0.00
1781215586.5313518,False,False,0.000,0.00
1781215586.654188,False,False,0.000,0.00
1781215586.7416863,False,False,0.075,0.00
1781215586.778038,False,False,0.000,0.00
1781215586.8778954,False,False,0.000,0.00
1781215587.114634,False,False,0.187,0.00
1781215587.1182148,False,False,0.000,0.00
1781215587.3316379,False,False,0.000,0.00
1781215587.6057127,False,False,0.082,0.00
1781215587.612674,False,False,0.000,0.00
1781215588.4834278,False,False,0.000,0.00
1781215588.5997732,False,False,0.074,0.00
1781215588.6053143,False,False,0.000,0.00
1781215588.672332,False,False,0.000,0.00
1781215588.769463,False,False,0.084,0.00
1781215589.0269012,False,False,0.000,0.00
1781215589.0494204,False,False,0.000,0.00
1781215589.403293,False,False,0.071,0.00
1781215589.5717206,False,False,0.000,0.00
1781215589.6117253,False,False,0.000,0.00
1781215589.6891541,False,False,0.068,0.00
1781215589.81059,False,False,0.000,0.00
1781215589.891798,False,False,0.000,0.00
1781215589.9772935,False,False,0.070,0.00
1781215589.9849193,False,False,0.000,0.00
1781215590.21497,False,False,0.000,0.00
1781215590.6139472,False,False,0.082,0.00
